[
  {
    "inputs": [
      {
        "internalType": "address",
        "name": "_amm1",
        "type": "address"
      },
      {
        "internalType": "address",
        "name": "_amm2",
        "type": "address"
      },
      {
        "internalType": "address",
        "name": "_amm3",
        "type": "address"
      },
      {
        "internalType": "address",
        "name": "_weth",
        "type": "address"
      },
      {
        "internalType": "address",
        "name": "_dai",
        "type": "address"
      },
      {
        "internalType": "address",
        "name": "_matic",
        "type": "address"
      }
    ],
    "stateMutability": "nonpayable",
    "type": "constructor"
  },
  {
    "inputs": [],
    "name": "amm1",
    "outputs": [
      {
        "internalType": "contract IUniswapLike",
        "name": "",
        "type": "address"
      }
    ],
    "stateMutability": "view",
    "type": "function"
  },
  {
    "inputs": [],
    "name": "amm2",
    "outputs": [
      {
        "internalType": "contract IUniswapLike",
        "name": "",
        "type": "address"
      }
    ],
    "stateMutability": "view",
    "type": "function"
  },
  {
    "inputs": [],
    "name": "amm3",
    "outputs": [
      {
        "internalType": "contract IUniswapLike",
        "name": "",
        "type": "address"
      }
    ],
    "stateMutability": "view",
    "type": "function"
  },
  {
    "inputs": [
      {
        "internalType": "address",
        "name": "token1",
        "type": "address"
      },
      {
        "internalType": "address",
        "name": "token2",
        "type": "address"
      },
      {
        "internalType": "uint256",
        "name": "amount",
        "type": "uint256"
      }
    ],
    "name": "calculateBestRate",
    "outputs": [
      {
        "internalType": "uint256",
        "name": "bestRate",
        "type": "uint256"
      },
      {
        "internalType": "contract IUniswapLike",
        "name": "bestAMM",
        "type": "address"
      }
    ],
    "stateMutability": "view",
    "type": "function"
  },
  {
    "inputs": [],
    "name": "dai",
    "outputs": [
      {
        "internalType": "contract IERC20",
        "name": "",
        "type": "address"
      }
    ],
    "stateMutability": "view",
    "type": "function"
  },
  {
    "inputs": [
      {
        "internalType": "contract IUniswapLike",
        "name": "amm",
        "type": "address"
      },
      {
        "internalType": "address",
        "name": "token1",
        "type": "address"
      },
      {
        "internalType": "address",
        "name": "token2",
        "type": "address"
      },
      {
        "internalType": "uint256",
        "name": "amount",
        "type": "uint256"
      }
    ],
    "name": "executeSwap",
    "outputs": [],
    "stateMutability": "nonpayable",
    "type": "function"
  },
  {
    "inputs": [],
    "name": "matic",
    "outputs": [
      {
        "internalType": "contract IERC20",
        "name": "",
        "type": "address"
      }
    ],
    "stateMutability": "view",
    "type": "function"
  },
  {
    "inputs": [],
    "name": "weth",
    "outputs": [
      {
        "internalType": "contract IERC20",
        "name": "",
        "type": "address"
      }
    ],
    "stateMutability": "view",
    "type": "function"
  }
]